method,r2,rmse,mae,train_end,test_month_start,test_month_end,n_train,n_test,city,pollutant
baseline_global_mean,-0.0008590203384564177,5.509874562715323,3.6030104085685486,2022-05-01,2022-05-01,2022-06-01,240,62,madison,pm25
baseline_persistence,0.3688970542346365,4.375275067283379,2.9698006064516123,2022-05-01,2022-05-01,2022-06-01,240,62,madison,pm25
model_random_forest,0.2042699829890211,4.912902310368477,3.2020758281829953,2022-05-01,2022-05-01,2022-06-01,240,62,madison,pm25
model_hist_gradient_boosting,0.14436861869689954,5.094465321025753,3.5078464366650093,2022-05-01,2022-05-01,2022-06-01,240,62,madison,pm25
baseline_global_mean,-0.05823260986994083,3.5011145638797716,2.633109381672186,2022-06-01,2022-06-01,2022-07-01,302,60,madison,pm25
baseline_persistence,-0.16700939374576595,3.676655407697661,2.223345261666667,2022-06-01,2022-06-01,2022-07-01,302,60,madison,pm25
model_random_forest,-0.11226524188881237,3.5893841006375213,2.8233566793363734,2022-06-01,2022-06-01,2022-07-01,302,60,madison,pm25
model_hist_gradient_boosting,-0.30310187099616104,3.885124460320784,2.9288312657886184,2022-06-01,2022-06-01,2022-07-01,302,60,madison,pm25
baseline_global_mean,-0.08961365478600514,2.3842693140653495,2.036503730351096,2022-07-01,2022-07-01,2022-08-01,362,62,madison,pm25
baseline_persistence,-0.02015932952455657,2.3070289462656834,1.878396169354839,2022-07-01,2022-07-01,2022-08-01,362,62,madison,pm25
model_random_forest,-0.14688524020095262,2.4461271200649297,1.9084475874372315,2022-07-01,2022-07-01,2022-08-01,362,62,madison,pm25
model_hist_gradient_boosting,-0.6825324773999788,2.962789308905742,2.400243538757073,2022-07-01,2022-07-01,2022-08-01,362,62,madison,pm25
baseline_global_mean,-0.12639532807381992,2.013019356405772,1.5915404347382842,2022-08-01,2022-08-01,2022-09-01,424,62,madison,pm25
baseline_persistence,0.0677793947991393,1.8313100539535925,1.249092146774194,2022-08-01,2022-08-01,2022-09-01,424,62,madison,pm25
model_random_forest,-0.598247973080805,2.397864355109287,1.9540878920641422,2022-08-01,2022-08-01,2022-09-01,424,62,madison,pm25
model_hist_gradient_boosting,-0.29672312127151934,2.1598627674109343,1.848600277079483,2022-08-01,2022-08-01,2022-09-01,424,62,madison,pm25
baseline_global_mean,-0.1055415548052232,2.677320715802949,2.3103809249176956,2022-09-01,2022-09-01,2022-10-01,486,60,madison,pm25
baseline_persistence,-0.03491629131964635,2.590391906239886,2.1594037966666666,2022-09-01,2022-09-01,2022-10-01,486,60,madison,pm25
model_random_forest,-0.12633504779500848,2.702381516211302,2.20484816647399,2022-09-01,2022-09-01,2022-10-01,486,60,madison,pm25
model_hist_gradient_boosting,0.3096903193406867,2.115606265769941,1.7278781743386957,2022-09-01,2022-09-01,2022-10-01,486,60,madison,pm25
baseline_global_mean,-0.10160507438291977,6.508283779934832,4.3359356873774075,2022-10-01,2022-10-01,2022-11-01,546,62,madison,pm25
baseline_persistence,0.6012447928008529,3.9156755651752273,3.1525369274193555,2022-10-01,2022-10-01,2022-11-01,546,62,madison,pm25
model_random_forest,0.4527933844717772,4.58700471862111,3.353428802794195,2022-10-01,2022-10-01,2022-11-01,546,62,madison,pm25
model_hist_gradient_boosting,0.5616186389624505,4.105627631954192,3.0501263644199623,2022-10-01,2022-10-01,2022-11-01,546,62,madison,pm25
baseline_global_mean,-0.059136180358069446,4.473983841970875,3.5279733024999995,2022-11-01,2022-11-01,2022-12-01,608,60,madison,pm25
baseline_persistence,-0.23857492861145757,4.8381535957956014,3.5169719125,2022-11-01,2022-11-01,2022-12-01,608,60,madison,pm25
model_random_forest,0.6851368087422057,2.4393799830020697,1.9644655813642986,2022-11-01,2022-11-01,2022-12-01,608,60,madison,pm25
model_hist_gradient_boosting,0.6010596103782387,2.745822839220789,2.223253523222398,2022-11-01,2022-11-01,2022-12-01,608,60,madison,pm25
baseline_global_mean,-0.11410001784946266,3.634631388060133,2.9608619197556503,2022-12-01,2022-12-01,2023-01-01,668,62,madison,pm25
baseline_persistence,-0.14533294823590692,3.6852262786609034,2.7399999798387102,2022-12-01,2022-12-01,2023-01-01,668,62,madison,pm25
model_random_forest,0.27680883138719325,2.9283625165139693,2.3108196544898965,2022-12-01,2022-12-01,2023-01-01,668,62,madison,pm25
model_hist_gradient_boosting,0.21259977049557488,3.0555968291892435,2.2860528327796743,2022-12-01,2022-12-01,2023-01-01,668,62,madison,pm25
baseline_global_mean,-0.8178702150133303,5.4275465624092885,4.954064858781361,2022-05-01,2022-05-01,2022-06-01,240,93,milwaukee,no2
baseline_persistence,0.23086062572330368,3.5304059243459416,2.6058975483870968,2022-05-01,2022-05-01,2022-06-01,240,93,milwaukee,no2
model_random_forest,0.39881398004729307,3.1212356406144477,2.697254548098527,2022-05-01,2022-05-01,2022-06-01,240,93,milwaukee,no2
model_hist_gradient_boosting,0.43463255622969454,3.026826440973088,2.497207581665294,2022-05-01,2022-05-01,2022-06-01,240,93,milwaukee,no2
baseline_global_mean,-0.09727840447880998,5.456288743073284,4.894863945338597,2022-06-01,2022-06-01,2022-07-01,333,89,milwaukee,no2
baseline_persistence,0.36875280945482125,4.138459009569174,3.0152859325842694,2022-06-01,2022-06-01,2022-07-01,333,89,milwaukee,no2
model_random_forest,0.7820321043328207,2.4318411025271405,1.8217762823344839,2022-06-01,2022-06-01,2022-07-01,333,89,milwaukee,no2
model_hist_gradient_boosting,0.7567102362674886,2.5692173560296143,1.937200572239157,2022-06-01,2022-06-01,2022-07-01,333,89,milwaukee,no2
baseline_global_mean,-0.2382347528540214,4.786857289670278,4.340706627936603,2022-07-01,2022-07-01,2022-08-01,422,93,milwaukee,no2
baseline_persistence,0.5362437192989087,2.9295025999304727,2.1044161075268817,2022-07-01,2022-07-01,2022-08-01,422,93,milwaukee,no2
model_random_forest,0.8532621114596116,1.6478592659608988,1.2050113208193134,2022-07-01,2022-07-01,2022-08-01,422,93,milwaukee,no2
model_hist_gradient_boosting,0.8295817217978734,1.7758532408254504,1.2939317426654064,2022-07-01,2022-07-01,2022-08-01,422,93,milwaukee,no2
baseline_global_mean,-0.12149510944919806,4.608146407244927,4.097213128619671,2022-08-01,2022-08-01,2022-09-01,515,92,milwaukee,no2
baseline_persistence,0.6273936646665284,2.656150593091655,2.115138847826087,2022-08-01,2022-08-01,2022-09-01,515,92,milwaukee,no2
model_random_forest,0.8628691344260551,1.6113696718838544,1.2212399009612407,2022-08-01,2022-08-01,2022-09-01,515,92,milwaukee,no2
model_hist_gradient_boosting,0.8654505126191352,1.5961312497377997,1.2240904400477393,2022-08-01,2022-08-01,2022-09-01,515,92,milwaukee,no2
baseline_global_mean,-0.00524991733547453,5.456589125044116,4.503169729868703,2022-09-01,2022-09-01,2022-10-01,607,66,milwaukee,no2
baseline_persistence,0.522827263239706,3.7594303334322574,2.925938878787879,2022-09-01,2022-09-01,2022-10-01,607,66,milwaukee,no2
model_random_forest,0.7334458102957765,2.809810212727866,2.1880362152720063,2022-09-01,2022-09-01,2022-10-01,607,66,milwaukee,no2
model_hist_gradient_boosting,0.7650911397137576,2.6377518056427656,1.9824869735295552,2022-09-01,2022-09-01,2022-10-01,607,66,milwaukee,no2
baseline_global_mean,-0.10873919484404082,6.038927784545501,4.666024887096773,2022-10-01,2022-10-01,2022-11-01,673,62,milwaukee,no2
baseline_persistence,0.396139334752443,4.456701084910866,3.5733860161290325,2022-10-01,2022-10-01,2022-11-01,673,62,milwaukee,no2
model_random_forest,0.7156050619360423,3.05848297282649,2.5225349733699294,2022-10-01,2022-10-01,2022-11-01,673,62,milwaukee,no2
model_hist_gradient_boosting,0.7252405118141199,3.00622502230253,2.4780581857172463,2022-10-01,2022-10-01,2022-11-01,673,62,milwaukee,no2
baseline_global_mean,-0.14239146253517876,7.4193679541242545,5.5046241729931955,2022-11-01,2022-11-01,2022-12-01,735,60,milwaukee,no2
baseline_persistence,0.14936661650533434,6.402220783166391,4.970317316666666,2022-11-01,2022-11-01,2022-12-01,735,60,milwaukee,no2
model_random_forest,0.6860037561705108,3.889749753254793,2.970806642176337,2022-11-01,2022-11-01,2022-12-01,735,60,milwaukee,no2
model_hist_gradient_boosting,0.7183622144584472,3.6838750890115755,3.00807101023615,2022-11-01,2022-11-01,2022-12-01,735,60,milwaukee,no2
baseline_global_mean,-0.023409422681768488,4.8020741529206585,3.9572192580645162,2022-12-01,2022-12-01,2023-01-01,795,62,milwaukee,no2
baseline_persistence,0.09059542665982911,4.526710528916928,3.307579725806451,2022-12-01,2022-12-01,2023-01-01,795,62,milwaukee,no2
model_random_forest,0.671400355289905,2.7210573875259865,2.1614774783041675,2022-12-01,2022-12-01,2023-01-01,795,62,milwaukee,no2
model_hist_gradient_boosting,0.6616361524500742,2.7611889950242032,2.1921229500533768,2022-12-01,2022-12-01,2023-01-01,795,62,milwaukee,no2
